car_model,price,year_model,kms
Volkswagen Jetta 2.0 Trendline 4 p,$41.000.000,2015,84.000
Volkswagen Jetta 2.0 Trendline,$54.000.000,2017,51.248
Volkswagen Jetta 2.0 Trendline,$35.000.000,2013,166.400
Volkswagen Jetta 2.0 Europa,$40.500.000,2015,89.000
Volkswagen Jetta 1.8 Gli,$65.000.000,2011,68.000
Volkswagen Jetta Trendline 2.0cc AT AA 4X2,$38.900.000,2013,89.355
Volkswagen Jetta 2.0 Comfortline,$49.000.000,2015,85.000
Volkswagen Jetta 1.8 Gli,$48.500.000,2014,98.500
Volkswagen Nuevo Jetta 2500cc At Aa,$34.800.000,2012,109.300
Volkswagen Jetta COMFORTLINE AUTOMATICO,$116.990.000,2024,0
Volkswagen Jetta High Line,$120.990.000,2024,0
Volkswagen Jetta 2.0 Comfortline,$52.000.000,2016,90.000
Volkswagen Jetta Confort Line,$74.000.000,2020,55.000
Volkswagen Jetta 2.0 Gli,$112.000.000,2017,82.000
Volkswagen Jetta 2.0 Trendline,$22.190.000,2007,119.000
Volkswagen Jetta 1800cc Turbo Gli  At Aa,$46.000.000,2014,58.700
"Volkswagen Jetta Highline 1,4 Turbo At",$109.900.000,2023,16.702
Volkswagen Jetta 2.0 Gli,$117.400.000,2020,35.911
Volkswagen Jetta Trendline Mt,$43.900.000,2014,84.023
Volkswagen Jetta 2.0 Trendline,$41.000.000,2014,92.500
Volkswagen Jetta Gli 2024 Entrega Inmediata!!,$153.990.000,2024,0
Volkswagen Jetta 2.5 Comfortline,$41.000.000,2014,92.500
Volkswagen Jetta NUEVO JETTA TRENDLINE,$39.900.000,2012,148.000
Volkswagen Jetta 1.4 Tsi Comfortline,$71.000.0005% OFF,2020,31.000
Volkswagen Jetta Highline,$120.990.000,2024,0
Volkswagen Jetta 1.4 Tsi Comfortline,$81.990.0005% OFF,2022,20.200
Volkswagen Jetta 1.8 Gli,$47.000.000,2013,73.000
Volkswagen Jetta 2.0 Gli,$78.900.000,2017,82.461
Volkswagen Jetta 1.4 Tsi Comfortline,$75.000.000,2019,25.500
Volkswagen Jetta 2.0 Gli,$65.000.000,2016,152.000
Volkswagen Jetta 1.4 COMFORTLINE,$72.000.000,2020,38.376
Volkswagen Jetta 1.8 Comfortline,$35.900.000,2007,154.000
Volkswagen Jetta 1.4 Tsi Comfortline,$72.000.000,2020,23.000
Volkswagen Jetta 1.8 Gli,$46.000.000,2013,92.000
Volkswagen Jetta Confortline 250TSI,$102.000.000,2023,11.800
Volkswagen Jetta 2.0 Gli,$135.000.000,2020,35.000
Volkswagen Jetta 1.4 Tsi Comfortline,$102.900.000,2023,6.900
Volkswagen Jetta Gli,$154.990.000,2024,0
Volkswagen Jetta 2.0 Comfortline,$54.900.000,2018,61.331
Volkswagen Golf 1.6 Trendline,$38.900.000,2015,75.000
Volkswagen Jetta Trendline,$56.000.000,2017,115.000
Volkswagen Jetta 2.0 Comfortline,$62.990.000,2018,46.709
Volkswagen Jetta 1.4 Tsi Highline,$112.000.000,2022,8.500
Volkswagen Jetta 2.5 Trendline,$36.900.000,2012,163.331
Volkswagen Jetta 1.4 Tsi Comfortline,$70.900.000,2020,63.776
Volkswagen Jetta 2.0 Trendline,$36.000.000,2013,116.000
Volkswagen Jetta 1.4 Tsi Highline,$75.000.000,2019,59.000
Volkswagen Jetta 2.0 Gli,$154.990.000,2023,0
Volkswagen Jetta Trendline Mt 2000cc 2ab Aa,$48.900.000,2017,68.000
Volkswagen Jetta Trendline,$52.990.000,2018,73.008
Volkswagen Jetta Trendline 2.0cc MT AA 4X2,$42.000.000,2014,51.000
Volkswagen Jetta 2.0 Trendline,$38.500.000,2012,63.200
Volkswagen Jetta 2.0 Trendline,$34.000.000,2012,109.000
Volkswagen Jetta 2.0,$41.900.000,2014,96.000
Volkswagen Jetta Trendline 2.0cc AT AA 4X2,$37.500.000,2012,112.800
Volkswagen Jetta 1.8 Turbo,$24.000.000,2007,135.000
Volkswagen Jetta 2.0 Trendline,$30.000.000,2012,125.600
Volkswagen Jetta 1.4 Tsi Comfortline,$78.000.000,2020,77.000
Volkswagen Jetta 1.4 Tsi Highline,$129.790.000,2023,0
Volkswagen Jetta 1.8 Gli,$32.000.000,2012,85.000
Volkswagen Jetta 1.4 Turbo At Aa,$95.000.000,2022,15.000
Volkswagen Jetta 2.0 Trendline,$22.000.000,2006,154.000
Volkswagen Jetta 1.4 Tsi Comfortline,$80.000.000,2022,35.000
Volkswagen Nuevo Jetta  2500cc At Aa,$41.900.000,2014,102.000
Volkswagen Jetta Highline,$105.500.000,2023,9.300
Volkswagen Jetta 1.4 Tsi Comfortline,$65.000.000,2019,90.000
Volkswagen Jetta Trendline,$25.000.000,2006,150.000
Volkswagen Jetta 2.0 Gli,$149.900.000,2023,9.900
Volkswagen Jetta 2.5 Trendline,$45.000.000,2014,63.000
Volkswagen Jetta 2.0 Europa,$43.000.000,2014,38.100
Volkswagen Jetta 2.0 Europa,$42.000.000,2015,56.000
Volkswagen Jetta 1.4 Tsi Highline,$74.900.000,2019,67.300
Volkswagen Jetta 2.5 Trendline,$34.000.000,2011,120.000
Volkswagen Jetta 1.4 Tsi Comfortline,$99.000.000,2023,10.300
Volkswagen Jetta 2.0 Comfortline,$52.900.000,2016,63.000
Volkswagen Jetta 2.0 Trendline 4 p 115 hp,$38.000.000,2014,116.000
Volkswagen Jetta 2.0 Comfortline,$54.000.000,2017,114.000
Volkswagen Jetta 2.0l Mec,$24.990.000,2009,111.000
Volkswagen Jetta 2.5 Comfortline,$54.500.000,2016,66.500
Volkswagen VW NEW JETTA 2.5 Comfortline,$38.900.000,2012,75.850
Volkswagen Jetta Trend Line,$53.900.000,2018,56.515
Volkswagen Jetta 2.0 Trendline,$39.500.000,2012,62.000
Volkswagen Jetta 2.0 Gli,$58.900.000,2013,54.000
Volkswagen Jetta 2.0 Europa,$30.000.000,2010,81.500
Volkswagen Jetta 2.0 Europa,$40.000.000,2014,61.000
Volkswagen Jetta 2.5 Highline,$77.900.000,2018,49.000
Volkswagen Jetta 2.0 Trendline,$35.900.000,2013,104.000
Volkswagen Jetta 2.0 Trendline,$28.900.000,2011,131.000
Volkswagen Jetta Comfortline 2.000cc A/t C/a 2016,$49.900.000,2016,60.000
Volkswagen Jetta 1.4 Tsi Highline,$81.800.000,2020,35.000
Volkswagen Jetta Highline,$120.489.999,2024,0
Volkswagen Jetta 1.4 Tsi Sportline,$90.500.000,2020,33.000
Volkswagen Jetta Europa 2.000cc M/t Sun Roof 2009,$27.900.000,2009,120.000
Volkswagen Jetta 1.4 Tsi Comfortline,$82.400.000,2022,35.000
Volkswagen Jetta 2.5 Comfortline,$45.000.000,2011,52.000
Volkswagen Jetta 2.5 Highline,$78.900.000,2018,49.180
Volkswagen Jetta 2.0 Europa,$28.400.000,2011,106.000
Volkswagen Jetta 2.0 Europa,$35.000.000,2015,64.000
Volkswagen Jetta 1.4 Tsi Comfortline,$99.900.000,2023,6.880
Volkswagen Jetta 2.0 Europa,$36.000.000,2014,102.000
Volkswagen Jetta ,$42.900.000,2015,111.023
Volkswagen Jetta 2.0 Europa,$33.500.000,2014,93.000
Volkswagen Jetta 2.5 Trendline,$38.500.000,2012,63.000
Volkswagen Jetta 2.0 Trendline,$21.900.000,2006,180.000
Volkswagen Jetta 1.4 Tsi Comfortline,$65.000.000,2019,40.000
Volkswagen Jetta 2.0 Trendline,$30.000.000,2011,115.500
Volkswagen Jetta 1.4 Tsi Comfortline,$103.300.000,2023,2.340
Volkswagen Jetta 2.5 Comfortline,$44.500.000,2013,72.000
Volkswagen Jetta 2.0 Comfortline,$55.000.000,2016,59.000
Volkswagen Jetta 1.8 Gli,$47.300.000,2012,73.000
Volkswagen Jetta 2.0 Gli,$57.000.000,2012,88.735
Volkswagen Jetta 2.5 Highline,$82.000.000,2019,76.000
Volkswagen Jetta 2.0 Europa,$42.800.000,2015,59.000
Volkswagen Jetta 2.0 Europa,$38.500.000,2015,109.000
Volkswagen Jetta 2.0 Europa,$36.000.000,2014,82.000
Volkswagen Jetta 2.0 Trendline 4 p 114 hp,$39.700.000,2014,70.000
Volkswagen Jetta 2.0 Trendline,$52.000.000,2017,73.000
Volkswagen Jetta 2.0 Europa,$33.500.000,2014,116.000
Volkswagen Jetta 2.0 Trendline 4 p,$45.000.000,2015,42.500
Volkswagen Jetta 2.0 Comfortline,$50.000.000,2015,51.800
Volkswagen Jetta 1.4 Tsi Comfortline,$69.000.000,2020,49.000
Volkswagen Jetta 2.0 Comfortline,$56.000.000,2018,70.000
Volkswagen Jetta 1.4 Tsi Comfortline,$90.000.000,2022,2.900
Volkswagen Jetta 1.4 Tsi Highline,$79.000.000,2020,51.000
Volkswagen Jetta 2.0 Trendline 4 p,$40.900.000,2015,103.000
Volkswagen Jetta 1.4 Tsi Sportline,$90.000.000,2019,9.235
Volkswagen Jetta 2.0 Europa,$35.000.000,2013,133.000
Volkswagen Jetta 2.5 Comfortline,$48.000.000,2014,71.538
Volkswagen Jetta 2.5 Comfortline,$48.000.000,2014,71.000
Volkswagen Jetta 2.0 Europa,$33.800.000,2011,54.000
Volkswagen Jetta 1.4 Tsi Sportline,$79.900.000,2019,53.024
Volkswagen Jetta Highline,$119.990.000,2024,0
Volkswagen Jetta 2.0 Trendline,$30.900.000,2011,125.000
Volkswagen Jetta Autom치tico,$39.500.000,2013,115.000
Volkswagen Jetta TRENDLINE  2000CC MT AA,$35.000.000,2011,64.077
Volkswagen Jetta 2.0 Comfortline,$52.000.000,2016,69.000
Volkswagen Jetta 2.0 Gli,$116.000.000,2020,23.000
Volkswagen Jetta Trendline 2.0 Fe Aa,$33.800.000,2011,114.000
Volkswagen Jetta 1.8 Gli,$40.900.000,2012,112.400
Volkswagen Jetta 2.0 Trendline,$29.000.000,2010,143.000
Volkswagen Jetta 1.4 Tsi Comfortline,$72.000.000,2020,45.000
Volkswagen Jetta New Jetta,$44.900.000,2013,83.000
Volkswagen Jetta Comfortline 250 TSI AT,$120.990.000,2024,0
Volkswagen Jetta 2.0 Comfortline,$64.500.000,2020,49.620
Volkswagen Jetta new GLI 2.0 turbo AT,$115.800.000,2020,47.000
Volkswagen Jetta 2.0 Comfortline,$54.900.000,2016,104.400
Volkswagen Jetta 2.0 Trendline,$43.800.000,2016,86.000
Volkswagen Jetta 2.0 Trendline,$30.900.000,2013,123.500
Volkswagen Jetta 2.0 Trendline 5 p,$43.900.000,2014,98.000
Volkswagen Jetta 2.0 Trendline 4 p,$39.990.000,2015,75.000
Volkswagen Jetta 2.5 Comfortline,$38.900.000,2012,95.000
Volkswagen Jetta Trendline,$28.900.000,2007,72.415
Volkswagen Jetta Comfortline 2.5 Automatico,$55.900.000,2016,91.467
Volkswagen Jetta 2.0 Gli,$57.000.000,2013,91.900
Volkswagen Jetta DTM TRENDLINE 2.5,$40.900.000,2014,63.000
Volkswagen Jetta 2.0 Europa,$32.800.000,2013,79.900
Volkswagen Jetta 2.5 Trendline,$35.900.000,2012,140.200
Volkswagen New Jetta 2.5,$37.000.000,2011,139.000
Volkswagen Jetta Highline,$120.990.000,2023,0
Volkswagen Jetta 2.0 Europa,$33.990.000,2011,91.000
Volkswagen Jetta 2.0 Trendline,$27.600.000,2009,102.000
Volkswagen Jetta trendline 2.0,$55.000.000,2018,73.300
Volkswagen Jetta Trendline,$38.900.000,2012,102.700
Volkswagen Jetta 2.0 Trendline 4 p 115 hp,$34.900.000,2014,80.500
Volkswagen Jetta 2.0 Europa,$40.990.000,2015,90.000
Volkswagen Jetta Gli 1.6 B2+,$138.000.000,2020,40.000
Volkswagen Jetta Highline,$120.990.000,2024,0
Volkswagen Jetta 2.0 Trendline,$45.900.000,2016,107.000
Volkswagen Nuevo Jetta 2.5,$43.000.000,2013,124.300
Volkswagen Jetta 2.0 Trendline 5 p,$45.900.000,2015,87.096
Volkswagen Jetta highline 2.5,$56.000.000,2015,82.600
Volkswagen Jetta 1.8 Gli,$49.000.000,2014,115.000
Volkswagen Jetta High Line,$120.990.000,2023,0
Volkswagen Jetta 2.0 Trendline,$28.399.000,2011,131.000
Volkswagen Jetta 2.0 Gli,$199.900.000,2023,7.500
Volkswagen Jetta 2.0 mt trendline,$31.000.000,2011,125.062
Volkswagen Jetta 1.8 Gli,$42.900.000,2013,76.000
Volkswagen Jetta 2.5 Comfortline,$38.000.000,2012,93.000
Volkswagen Jetta 1.4 Tsi Sportline,$79.900.000,2019,71.000
Volkswagen Nuevo Jetta 2.5,$45.000.000,2014,126.500
Volkswagen Jetta Gli Cc1800 Automatico ,$41.500.000,2010,98.500
Volkswagen Jetta 2.0 Cc2000 Automatico,$26.900.000,2009,140.000
Volkswagen Jetta 2.0,$30.000.000,2009,141.500
Volkswagen Jetta 2.0,$26.800.000,2007,105.300
Volkswagen Jetta 2.0 Trendline,$46.900.000,2017,58.000
Volkswagen Jetta 2.0 Comfortline,$52.000.000,2016,52.500
Volkswagen Jetta gli 1.8,$45.000.000,2014,77.500
Volkswagen Jetta europea 2.0,$31.000.000,2013,135.500
Volkswagen Jetta 2.0 Trendline,$58.900.000,2018,74.900
Volkswagen Jetta 2.0 Gli,$107.900.000,2018,66.000
Volkswagen Jetta 1.4 Tsi Comfortline,$64.500.000,2020,50.000
Volkswagen Jetta 2.5 Comfortline,$49.900.000,2014,96.000
Volkswagen Jetta 2.0 Europa,$31.900.000,2014,122.000
Volkswagen Jetta 2.5 Trendline,$44.900.000,2013,76.000
Volkswagen Jetta 2.0 Trendline,$27.000.000,2009,103.000
Volkswagen Jetta 2.0 Gli,$59.000.000,2014,119.200
Volkswagen Jetta 1.4 Comfortline Automatico,$77.900.000,2020,52.974
Volkswagen Jetta 2.0 Europa,$38.700.000,2014,136.000
Volkswagen Jetta Trendline Mec  2.0L,$43.900.000,2012,109.531
Volkswagen Jetta 1.4 Tsi Comfortline,$97.990.000,2023,4.000
Volkswagen Jetta 1.4 Tsi Comfortline,$68.700.000,2019,57.500
Volkswagen Jetta 2.5 Comfortline,$43.000.000,2011,89.292
Volkswagen Jetta 2.0 Gli,$56.900.000,2013,94.728
Volkswagen Jetta 2.0 Trendline,$27.000.000,2008,124.000
Volkswagen Jetta 2.5 Highline,$52.900.000,2015,85.000
Volkswagen Jetta 2.5 Comfortline,$48.000.000,2014,69.500
Volkswagen Jetta 1.4 Tsi Highline,$79.900.000,2020,30.500
Volkswagen Jetta 2.0 Trenline,$21.900.000,2006,116.000
Volkswagen Jetta 2.0 Trendline,$29.000.000,2010,143.000
Volkswagen Jetta 2.0 Trendline,$25.500.000,2008,110.000
Volkswagen Jetta 2.0 Trendline,$31.500.000,2009,93.000
Volkswagen Jetta 2.5 Comfortline,$69.800.000,2016,115.100
Volkswagen Jetta 2.5 Comfortline,$43.000.000,2013,85.000
Volkswagen Jetta 2.0 Gli,$115.000.000,2020,54.000
Volkswagen Jetta 1.4 Tsi Highline,$99.900.000,2022,25.000
Volkswagen Jetta 2.0 Trendline,$35.990.000,2013,103.000
Volkswagen Jetta Comfortline TSI,$68.900.000,2019,63.320
Volkswagen Jetta 1.8 Gli,$45.000.000,2014,103.000
Volkswagen Jetta 1.8 Gli,$47.900.000,2014,62.000
Volkswagen Jetta 2.0 Gli 211 hp,$75.000.000,2016,62.000
Volkswagen Jetta 1.4 Tsi Comfortline,$99.900.000,2023,8.800
Volkswagen Jetta 2.0 Trendline,$23.500.000,2006,138.000
Volkswagen Jetta 2.0 Gli,$120.000.000,2020,41.000
Volkswagen Jetta 2.0 Europa,$34.900.000,2013,98.000
Volkswagen Jetta 2.0 Europa,$40.900.000,2015,73.000
Volkswagen Jetta 2.0 Trendline,$31.900.000,2013,123.500
Volkswagen Jetta 2.0 Trendline,$51.900.000,2017,56.000
Volkswagen Jetta 2.5 Trendline At,$44.900.000,2014,125.000
Volkswagen Jetta 2.0 Trendline,$32.900.000,2013,67.000
Volkswagen Jetta 2.0 Trendline,$45.800.000,2012,56.000
Volkswagen Jetta 2.0 Europa,$32.900.000,2011,63.000
Volkswagen Jetta 2.5 Comfortline,$46.900.000,2013,118.000
Volkswagen Jetta 1.4 Tsi R-line,$71.900.000,2019,39.000
Volkswagen Jetta 2.0 Trendline,$27.900.000,2010,110.000
Volkswagen Jetta 2.5 AT COMFORTLINE,$39.900.000,2012,126.000
Volkswagen Jetta 1.8 Gli,$41.900.000,2012,89.000
Volkswagen Jetta 1.4 Tsi Highline,$75.000.000,2019,68.000
Volkswagen Jetta 1.8 Gli,$41.900.000,2012,80.000
Volkswagen Jetta 2.0 Trendline,$32.900.000,2011,106.000
Volkswagen Jetta Jetta trendline mec,$25.900.000,2008,128.000
"Volkswagen Jetta Nuevo Jetta 2,5 Mt 2014",$39.900.000,2014,120.000
Volkswagen Jetta 1.8 Gli,$39.900.000,2012,101.707
Volkswagen Jetta 2.0 Gli,$61.000.000,2014,74.788
Volkswagen Jetta 1.4 Tsi Comfortline,$92.900.000,2022,5.600
Volkswagen Jetta Jetta Highline At,$120.500.000,2024,0
Volkswagen Jetta 1.4 Tsi Comfortline,$66.500.000,2020,53.000
Volkswagen Jetta 2.0 Gli,$59.900.000,2013,90.000
Volkswagen Jetta 1.8 Gli,$48.000.000,2014,120.210
Volkswagen Jetta 2.0 TRENDLINE MECANICO,$54.500.000,2017,56.700
Volkswagen Jetta 2.0 Trendline,$32.900.000,2012,117.000
Volkswagen Jetta 2.0 Trendline 5 p,$37.000.000,2014,112.000
Volkswagen Jetta 2.0,$29.800.000,2011,154.700
Volkswagen Jetta 1.8 Gli,$42.900.000,2013,99.000
Volkswagen Jetta 2.0 Europa,$35.000.000,2015,76.000
Volkswagen Jetta 2.5 Comfortline,$42.900.000,2012,98.702
Volkswagen Jetta 2.0 trendline full,$25.900.000,2008,129.000
Volkswagen Jetta Nuevo Jetta 2.5,$35.800.000,2011,122.000
Volkswagen Jetta 2.0 Gli 211 hp,$90.000.000,2016,31.000
Volkswagen Jetta 2.5 Highline,$51.990.000,2017,108.000
Volkswagen Jetta 1.4 Tsi Comfortline,$69.500.000,2020,24.200
Volkswagen Jetta 2.0 Gli,$77.900.000,2014,90.000
Volkswagen Jetta 1.4 Tsi Highline,$118.000.000,2023,0
Volkswagen Jetta 1.8 Gli,$36.000.000,2011,96.000
Volkswagen Jetta 2.0 Trendline,$22.500.000,2006,140.000
Volkswagen Jetta 1.4 Tsi Comfortline,$64.900.000,2019,85.000
Volkswagen Jetta Comfortline,$107.990.000,2023,0
Volkswagen Jetta 2.5 Comfortline,$39.500.000,2012,89.000
Volkswagen Jetta 2.0 Trendline,$27.800.000,2008,111.000
Volkswagen Jetta 2.0 Comfortline,$54.800.000,2015,30.069
Volkswagen Jetta Highline,$79.900.000,2020,34.700
Volkswagen Jetta 1.4 Tsi Comfortline,$69.500.000,2020,44.000
Volkswagen Jetta 2.5 Comfortline,$36.900.000,2015,105.000
Volkswagen Jetta 2.0 Trendline,$27.900.000,2011,142.000
Volkswagen Jetta 1.8 Gli,$39.900.000,2011,70.000
Volkswagen Jetta 1.8 Gli,$34.500.000,2010,93.201
Volkswagen Jetta 2.0 Europa,$29.500.000,2012,100.000
Volkswagen Jetta Comforline,$29.900.000,2009,101.000
Volkswagen New Jetta 2.0 Trendline,$43.900.000,2016,89.000
Volkswagen Jetta 2.0 Comfortline,$46.000.000,2015,83.878
Volkswagen Jetta 1.4 Tsi Highline,$76.000.000,2019,59.000
Volkswagen Jetta 2.5 Trendline,$47.800.000,2013,79.581
Volkswagen Jetta 1.8 Gli,$35.800.000,2012,93.000
Volkswagen Jetta 2.0 Wolfsburg,$29.900.000,2009,140.000
Volkswagen Jetta 2.0 Gli,$56.500.000,2013,63.000
Volkswagen Jetta 2.0 Trendline,$35.000.000,2013,37.300
Volkswagen Jetta 2.0 Automatico,$43.000.000,2014,80.000
Volkswagen Jetta 2.0 Europa,$31.500.000,2012,123.000
Volkswagen Jetta 1.4 Tsi Highline,$80.500.000,2019,49.000
Volkswagen Jetta 2.0 Gli 200 hp,$105.000.000,2016,70.000
Volkswagen Jetta 2.0 Europa,$29.300.000,2011,120.000
Volkswagen Jetta WOLFSBURG,$35.000.000,2009,106.262
Volkswagen Jetta 1.4 Tsi Comfortline,$69.000.000,2020,49.000
Volkswagen Jetta JETTA TRENDLINE,$32.800.000,2011,181.336
Volkswagen Jetta 2.5 Trendline,$46.900.000,2013,84.000
Volkswagen Jetta 1.8 Gli,$37.900.000,2012,117.100
Volkswagen Jetta 2.0 Europa,$33.000.000,2014,108.300
Volkswagen Jetta 2.5 Comfortline,$46.000.000,2014,56.000
Volkswagen Jetta 2.0 Europa,$32.000.000,2011,115.000
Volkswagen Jetta 2.5 Trendline,$42.500.000,2014,61.000
Volkswagen Jetta 2.0 Europa,$26.800.000,2010,140.000
Volkswagen Jetta 2.0 Europa,$32.000.000,2012,72.200
Volkswagen Jetta 2.0 Trendline,$28.900.000,2009,149.600
Volkswagen Jetta 2.0 Trendline,$25.000.000,2007,131.000
Volkswagen Jetta 2.0 Trendline At,$34.900.000,2013,74.000
Volkswagen Jetta 1.8 Comfortline,$32.500.000,2008,98.000
Volkswagen Jetta 2.0 Trendline,$33.000.000,2012,117.000
Volkswagen Jetta 2.0 Trendline,$56.000.000,2018,20.000
Volkswagen Jetta 1.4 Tsi Sportline,$79.900.000,2019,70.000
Volkswagen Jetta 2.0 Trendline 4 p 115 hp,$45.000.000,2014,112.000
Volkswagen Jetta 2.0 Trendline,$28.500.000,2011,92.000
Volkswagen Jetta 2.0 Trendline,$24.990.000,2006,100.000
Volkswagen Jetta 2.5 Comfortline,$35.990.000,2014,105.900
Volkswagen Jetta Europa 2.0 Automatico Sedan Full Equipo,$34.990.000,2015,80.000
Volkswagen Jetta 2.0 Europa,$40.900.000,2014,80.000
Volkswagen Jetta 2.0 Europa,$35.000.000,2011,82.000
Volkswagen Jetta 2.5 Trendline,$45.000.000,2014,86.100
Volkswagen Jetta 2.0 Gli,$120.000.000,2020,33.000
Volkswagen Jetta 1.4 Tsi Sportline,$74.000.000,2019,91.255
Volkswagen Jetta 1.4 Tsi Comfortline,$74.900.000,2020,48.500
Volkswagen Jetta 2.0 Trendline,$51.000.000,2017,116.000
Volkswagen Jetta 2.0 Trendline,$24.800.000,2007,134.000
Volkswagen Jetta 1.4 Highline,$74.900.000,2020,44.900
Volkswagen Jetta 2.0 Trendline,$53.800.000,2018,68.200
Volkswagen Jetta 2.0 Trendline,$35.000.000,2013,126.060
Volkswagen Jetta sportline,$77.900.000,2020,48.700
Volkswagen Jetta 1.8 Gli,$40.900.000,2012,86.000
Volkswagen Jetta 2.0 Europa,$32.000.000,2013,97.000
Volkswagen Jetta 2.0 Comfortline,$41.900.000,2015,70.500
Volkswagen Jetta 2.0 Trendline,$59.900.000,2018,52.000
Volkswagen Jetta 2.5 Trendline,$41.000.000,2014,145.000
Volkswagen Jetta 2.0 Trendline,$28.900.000,2010,112.000
Volkswagen Jetta 2.0 Trendline,$32.900.000,2012,63.000
Volkswagen Jetta 2.0 gli B2+,$65.900.000,2013,92.000
Volkswagen Jetta Tredline,$24.900.000,2006,98.433
Volkswagen Jetta 2.5 Trendline,$46.600.000,2014,65.000
Volkswagen Jetta Europa Mt,$33.490.000,2014,128.000
Volkswagen Jetta 2.0 Trendline,$60.900.000,2018,34.353
Volkswagen Jetta 2.0 Trendline,$38.000.000,2013,100.000
Volkswagen Jetta 1.8 Comfortline,$38.000.000,2010,109.000
Volkswagen Jetta Classic,$42.000.000,2015,72.000
Volkswaguen New Jetta Gli,$56.500.000,2013,95.000
Volkswagen,$51.990.000,2016,75.000
Volkswagen Jetta Nuevo Jetta,$39.900.000,2014,130.000
Volkswagen Jetta 2.0 Europa,$38.000.000,2015,63.000
Volkswagen Jetta 2.0 Trendline 4 p,$39.000.000,2015,101.000
Volkswagen Jetta 2.0 Trendline,$28.000.000,2009,218.699
Volkswagen Jetta 2.0 Trendline,$33.000.000,2011,97.000
Volkswagen Jetta 1.4 Tsi Comfortline,$66.000.000,2019,60.000
Volkswagen Jetta 2.0 Europa,$33.900.000,2015,107.000
Volkswagen Jetta Comfortline,$71.000.000,2019,47.100
Volkswagen Jetta 2.0 Europa,$34.800.000,2015,102.000
Volkswagen Jetta 2.5 Comfortline,$40.800.000,2013,102.000
Volkswagen Jetta 2.0 Europa,$37.900.000,2015,83.000
Volkswagen Jetta 2.0 Mecanico,$31.000.000,2011,146.000
Volkswagen Jetta 2.0 Trendline,$30.000.000,2009,115.000
Volkswagen Jetta 1.8 Gli,$46.500.000,2014,89.000
Volkswagen Jetta 2.5 Comfortline,$42.900.000,2013,149.000
Volkswagen New Jetta 2.5 Aut,$41.500.000,2012,65.000
Volkswagen Jetta 2.0,$35.200.000,2015,99.000
Volkswagen Jetta 2.0 Europa,$30.500.000,2011,111.000
Volkswagen Jetta 2.5 Comfortline,$45.600.000,2014,75.000
Volkswagen Jetta 2.0 Europa,$33.000.000,2014,75.000
Volkswagen Jetta 2.0 Trendline,$19.800.000,2006,215.000
Volkswagen Jetta 2.0 Trendline,$27.900.000,2009,170.000
Volkswagen Jetta 2.0 GLI blindado,$119.900.000,2018,18.300
Volkswagen Jetta 2.0 Gli,$135.000.000,2022,5.388
Volkswagen Jetta 2.0 Trendline,$31.900.000,2008,108.690
Volkswagen Jetta 1.4 Tsi Highline,$82.000.000,2019,56.000
Volkswagen Jetta 2.0 Trendline,$27.500.000,2008,166.000
Volkswagen Jetta trendline 2.0 at,$31.000.000,2009,76.000
Volkswagen Jetta 2.0 Trendline,$30.000.000,2011,159.000
Volkswagen Jetta 2.0 Europa,$36.000.000,2014,60.150
Volkswagen Jetta 2.5 Comfortline,$42.500.000,2012,126.000
Volkswagen Jetta 2.0 Europa,$41.000.000,2015,75.000
Volkswagen Jetta 2.0 Trendline 4 p,$37.000.000,2015,120.000
Volkswagen Jetta 1.4 Tsi Highline,$95.400.000,2022,38.000
Volkswagen Jetta 2.0 Gli 200 hp,$71.000.000,2016,62.000
Volkswagen Jetta 2.0 Europa,$38.600.000,2015,53.270
Volkswagen Jetta 1.4 Tsi Comfortline,$73.500.000,2020,32.000
Volkswagen Jetta 2.0 Trendline 4 p,$41.500.000,2015,84.000
Volkswagen Jetta 2.0 Europa,$35.800.000,2014,78.000
Volkswagen Jetta 1.4 Tsi Comfortline,$65.800.000,2020,46.000
Volkswagen Jetta 1.8 Gli,$52.000.000,2014,96.000
Volkswagen Jetta 2.5 Trendline,$44.000.000,2012,68.500
Volkswagen Jetta 2.5 Comfortline,$45.000.000,2013,133.000
Volkswagen Jetta treindland,$26.000.000,2010,165.000
Volkswagen Jetta 2.0 Trendline,$34.990.000,2011,99.000
Volkswagen Jetta 2.0 Trendline,$35.000.000,2013,155.000
Volkswagen Jetta 2.0 Gli,$57.000.000,2013,90.000
Volkswagen Jetta 2.0 Gl,$21.000.000,2005,150.000
Volkswagen Jetta 2.0 Europa,$37.500.000,2014,81.100
Volkswagen Jetta 2.5 Trendline,$46.800.000,2014,84.670
Volkswagen Jetta 2.0 Gli 200 hp,$82.000.000,2016,30.600
Volkswagen Jetta 2.0 Trendline,$44.000.000,2016,84.000
Volkswagen Jetta 1.4 Tsi Highline,$80.000.000,2019,36.750
Volkswagen Jetta 2.0 Trendline,$23.000.000,2006,158.000
Volkswagen Jetta 2.0 Europa,$26.000.000,2009,160.000
Volkswagen Jetta 2.5 Trendline,$39.700.000,2012,124.000
Volkswagen Jetta 1.4 Tsi Highline,$99.900.000,2022,23.000
Volkswagen Jetta 2.0 Trendline,$32.000.000,2011,100.600
Volkswagen Jetta 2.0 Trendline,$28.000.000,2007,136.000
Volkswagen Jetta 2.0 Europa,$26.500.000,2008,150.000
Volkswagen Jetta 2.0 Europa,$34.500.000,2011,84.000
Volkswagen Jetta 2.0 Trendline,$33.000.000,2008,92.007
Volkswagen Jetta 1.8 Gli,$38.500.000,2010,102.000
Volkswagen Jetta 2.0 Trendline 4 p 115 hp,$43.000.000,2014,107.000
Volkswagen Jetta 1.4 Tsi Comfortline,$69.500.000,2019,71.600
Volkswagen Jetta 1.4 Tsi Comfortline,$69.500.000,2019,71.600
Volkswagen Jetta 2.0 Europa,$28.000.000,2008,190.000
Volkswagen Jetta 2.0 Gli,$67.500.000,2014,100.000
Volkswagen Jetta 1.4 Tsi Comfortline,$78.000.000,2020,37.000
Volkswagen Jetta 2.0 Trendline,$33.000.000,2013,85.500
Volkswagen Jetta 2.0 Trendline,$36.000.000,2013,140.000
Volkswagen Jetta 2.5 Comfortline,$44.900.000,2014,82.100
Volkswagen Jetta 2.0 Trendline,$28.500.000,2007,119.000
Volkswagen Jetta 2.0 Trendline,$29.900.000,2010,116.000
Volkswagen Jetta 1.8 Carat,$26.500.000,1991,197.000
Volkswagen Jetta 2.0 Gli,$61.900.000,2014,80.400
Volkswagen Jetta 2.0 Europa,$36.800.000,2015,99.800
Volkswagen Jetta 1.4 Tsi Comfortline,$75.000.000,2019,63.000
Volkswagen Jetta 1.8 Gli,$41.000.000,2012,127.000
Volkswagen Jetta Tren Line AT,$37.950.000,2014,103.000
Volkswagen Jetta 1.4 Tsi Sportline,$84.500.000,2020,81.000
Volkswagen Jetta 2.0 Europa,$33.000.000,2011,96.000
Volkswagen Jetta 2.0 Europa,$35.500.000,2012,68.000
Volkswagen Jetta 2.0 Trendline,$37.400.000,2011,42.000
Volkswagen Jetta 2.0 Europa,$31.000.000,2011,109.191
Volkswagen Jetta 2.0 Europa,$23.000.000,2007,115.000
Volkswagen Jetta 1.8 Gli,$41.000.000,2012,134.000
Volkswagen Jetta 2.0 Trendline 5 p,$39.500.000,2015,125.000
Volkswagen  Jetta 2.0 Caja Automatica 2007,$28.500.000,2007,182.000
Volkswagen Jetta 2.0 Trendline,$23.000.000,2006,120.000
Volkswagen Jetta 2.0 Europa,$37.500.000,2015,78.000
Volkswagen Jetta 2.0 Europa,$31.500.000,2011,126.000
Volkswagen Jetta 2.0 Europa,$35.000.000,2015,76.000
Volkswagen Jetta 2.0 Trendline 5 p,$33.000.000,2015,150.000
Volkswagen Jetta 2.0 Europa,$33.990.000,2015,133.000
Volkswagen Jetta 2.0 Trendline,$28.500.000,2009,115.000
Volkswagen Jetta 2.0 Trendline,$25.700.000,2007,157.000
Volkswagen Jetta 2.0 Europa,$40.500.000,2015,57.000
Volkswagen Jetta 2.0 Trendline,$28.000.000,2010,141.000
Volkswagen Jetta 1.8 Comfortline,$34.000.000,2008,117.000
Volkswagen Jetta 2.0 Trendline,$27.000.000,2008,175.000
Volkswagen Jetta 2.0 Europa,$31.000.000,2011,91.000
Volkswagen Jetta 2.0 Trendline,$25.000.000,2008,174.000
Volkswagen Jetta 2.0 Europa,$35.000.000,2015,126.000
Volkswagen Jetta 2.0 Europa,$33.000.000,2014,72.251
Volkswagen Jetta 2.0 Europa,$29.950.000,2012,96.000
Volkswagen Jetta 2.0 Trendline,$29.000.000,2009,161.405
Volkswagen Jetta 2.0 Europa,$35.500.000,2014,105.000
Volkswagen Jetta 1.8 Gli,$40.000.000,2014,96.000
Volkswagen Jetta 1.4 Tsi Comfortline,$63.000.000,2019,65.000
Volkswagen Jetta 2.0 Trendline,$33.500.000,2013,102.000
Volkswagen Jetta 2.0 Europa,$38.000.000,2015,71.000
Volkswagen Jetta 2.0 Trendline,$34.000.000,2011,95.977
Volkswagen Jetta 2.0 Europa,$28.000.000,2011,119.000
Volkswagen Jetta 2.0 Gli,$105.000.000,2017,50.000
Volkswagen Jetta 2.0 Trendline,$33.500.000,2011,94.000
Volkswagen Jetta 2.0 Trendline,$33.000.000,2013,80.000
Volkswagen Jetta 2.0 Trendline,$30.000.000,2009,190.000
Volkswagen Jetta 2.0 Trendline,$21.000.000,2006,180.000
Volkswagen Jetta 2.0 Europa,$32.800.000,2015,98.000
Volkswagen Jetta 2.0 Trendline,$34.000.000,2008,40.000
Volkswagen Jetta 1.4 Tsi Sportline,$81.700.000,2019,51.500
Volkswagen Jetta 2.0 Europa,$37.000.000,2015,133.000
Volkswagen Jetta 2.0 Europa,$29.900.000,2014,108.000
Volkswagen Jetta 2.0 Trendline,$56.000.000,2018,66.000
Volkswagen Jetta 2.0 Trendline,$35.000.000,2012,111.000
Volkswagen Jetta 2.0 Trendline,$31.400.000,2010,126.500
Volkswagen Jetta 2.0 Trendline,$28.500.000,2009,96.000
Volkswagen Jetta 1.4 Tsi Comfortline,$73.600.000,2020,32.000
Volkswagen Jetta 2.5 Trendline,$39.300.000,2012,87.700
Volkswagen Jetta 2.0 Trendline,$35.000.000,2011,180.000
Volkswagen Jetta 1.8 Gli,$34.500.000,2010,104.612
Volkswagen Jetta 2.5 Comfortline,$38.500.000,2012,115.000
Volkswagen Jetta 2.0 Europa,$46.000.000,2015,38.500
Volkswagen Jetta 1.4 Tsi Comfortline,$69.000.000,2019,88.000
Volkswagen Jetta 1.4 Tsi Highline,$67.900.000,2019,69.000
Volkswagen Jetta 1.4 Tsi Comfortline,$74.000.000,2020,23.000
Volkswagen Jetta 2.0 Trendline,$36.000.000,2013,106.000
Volkswagen Jetta 2.0 Trendline,$35.900.000,2013,120.000
Volkswagen Jetta 2.0 Trendline,$32.000.000,2011,87.000
Volkswagen Jetta 2.0 Trendline,$26.000.000,2009,125.000
Volkswagen Jetta 2.0 Trendline,$32.000.000,2009,86.198
Volkswagen Jetta 2.0 Trendline,$29.000.000,2009,153.000
Volkswagen Jetta 2.0 Trendline,$36.500.000,2013,113.000
Volkswagen Jetta 2.5 Trendline,$44.000.000,2013,112.000
Volkswagen Jetta 2.0 Trendline,$28.000.000,2008,146.000
Volkswagen Jetta 1.4 Tsi Comfortline,$65.000.000,2020,71.000
Volkswagen Jetta 2.0 Trendline,$25.000.000,2007,130.000
Volkswagen Jetta 2.0 Trendline 4 p,$37.800.000,2015,78.000
Volkswagen Jetta 2.0 Trendline,$23.000.000,2006,220.000
Volkswagen Jetta 2.0 Trendline,$30.000.000,2011,119.000
Volkswagen Jetta Modelo 2014,$55.000.000,2014,87.000
Volkswagen Jetta 2.5 Comfortline,$48.990.000,2013,55.000
Volkswagen Jetta 2.0 Trendline,$32.500.000,2011,107.000
Volkswagen Jetta 2.0 Trendline,$36.000.000,2013,100.000
Volkswagen Jetta 2.0 Trendline,$27.000.000,2009,145.000
Volkswagen Jetta 1.8 Gli,$41.999.999,2010,100.000
Volkswagen Jetta 2.5 Trendline,$45.800.000,2014,89.600
Volkswagen Jetta 2.0 Trendline,$22.500.000,2009,136.000
Volkswagen Jetta 2.0 Europa,$34.000.000,2013,151.000
Volkswagen Jetta Highline,$26.500.000,2009,100.200
Volkswagen Jetta 2.0 Trendline,$30.000.000,2011,126.782
Volkswagen Jetta 2.0 Europa,$36.000.000,2015,103.000
Volkswagen Jetta 1.8 Gli,$43.000.000,2012,66.000
Volkswagen Jetta 1.4 Tsi Highline,$75.500.000,2019,42.000
Volkswagen Jetta 1.8 Gli,$48.000.000,2014,96.000
Volkswagen Jetta 2.0 Europa,$31.000.000,2012,119.000
Volkswagen Jetta 2.0 Gli,$53.000.000,2013,93.000
Volkswagen Jetta 2.0 Trendline,$34.000.000,2010,114.000
Volkswagen Jetta 2.5 Comfortline,$42.000.000,2012,68.000
Volkswagen Jetta 2.5 Comfortline,$44.950.000,2014,159.500
Volkswagen Jetta 2.5 Comfortline,$49.500.000,2012,150.000
Volkswagen Jetta 2.0 Europa,$32.500.000,2013,100.000
Volkswagen Jetta 1.4 Tsi Sportline,$110.000.000,2019,25.000
Volkswagen Jetta 2.0 Trendline,$31.800.000,2010,118.000
Volkswagen Jetta 2.0 Trendline,$32.000.000,2011,118.000
Volkswagen Jetta 2.0 Trendline,$22.000.000,2006,145.500
Volkswagen Jetta 2.0 Trendline,$22.500.000,2007,133.000
Volkswagen Jetta 1.4 Tsi Sportline,$81.000.000,2019,55.700
Volkswagen Jetta 2.0 Europa,$30.000.000,2011,192.000
Volkswagen Jetta 2.0 Trendline,$28.500.000,2009,145.000
Volkswagen Jetta 2.5 Comfortline,$42.500.000,2012,84.441
Volkswagen Jetta 1.8 Gli,$50.500.000,2014,58.000
Volkswagen Jetta 1.8 Gli,$48.000.000,2014,75.000
Volkswagen Jetta 2.0 Trendline,$23.000.000,2007,137.000
Volkswagen Jetta 2.0 Europa,$30.000.000,2010,175.000
Volkswagen Jetta 2.0 Europa,$26.000.000,2013,170.000
Volkswagen Jetta 2.0 Comfortline,$56.000.000,2017,71.500
Volkswagen Jetta 2.0 Trendline,$30.000.000,2010,89.000
Volkswagen Jetta 2.0 Europa,$35.500.000,2014,93.000
Volkswagen Jetta 2.0 Gli,$113.900.000,2020,15.400
Volkswagen Jetta 2.0,$23.500.000,2007,168.000
Volkswagen Jetta 2.0 Trendline,$33.000.000,2013,66.833
Volkswagen Jetta 2.0 Trendline,$23.000.000,2006,180.000
Volkswagen Jetta 1.4 Tsi Comfortline,$71.000.000,2019,54.000
Volkswagen Jetta 2.5 Comfortline,$43.000.000,2013,126.000
Volkswagen Jetta 1.8 Gli,$36.000.000,2011,90.000
Volkswagen Jetta 2.0 Europa,$41.000.000,2015,78.000
Volkswagen Jetta 1.8 Gli,$44.000.000,2014,107.000
Volkswagen Jetta 2.0 Trendline,$30.000.000,2012,112.000
Volkswagen Jetta 2.0 Trendline 4 p,$44.000.000,2015,109.000
Volkswagen Jetta Autom치tico,$21.500.000,2007,193.162
Volkswagen Jetta 2.0 Wolfsburg,$28.000.000,2009,105.000
Volkswagen Jetta 2.0 Trendline,$34.000.000,2011,148.600
Volkswagen Jetta 1.8 Gli,$42.000.000,2011,134.700
Volkswagen Jetta 2.0 Europa,$35.000.000,2013,73.800
Volkswagen Jetta 2.0 Trendline 4 p 115 hp,$39.900.000,2014,127.000
Volkswagen Jetta 1.8 Gli,$44.000.000,2011,130.000
Volkswagen Jetta 2.5 Trendline,$49.000.000,2015,39.000
Volkswagen Jetta 1.4 Tsi Comfortline,$67.000.000,2019,46.000
Volkswagen Jetta 2.0 Trendline,$37.500.000,2013,124.000
Volkswagen Jetta 1.4 Tsi Comfortline,$65.000.000,2019,89.500
Volkswagen Jetta 2.0 Trendline 4 p,$42.000.000,2015,101.000
Volkswagen Jetta 1.4 Tsi Sportline,$79.900.000,2019,30.500
Volkswagen Jetta 1.4 Tsi Comfortline,$70.000.000,2020,50.000
Volkswagen Jetta 2.0 Europa,$38.500.000,2015,100.400
Volkswagen Jetta 2.0 Comfortline,$52.000.000,2016,97.000
Volkswagen Jetta 2.5 Comfortline,$39.800.000,2011,91.300
Volkswagen Jetta 2.0 Trendline 4 p,$45.500.000,2015,61.000
Volkswagen Jetta 2.0 Europa,$30.800.000,2013,107.000
Volkswagen Jetta 2.0 Europa,$26.500.000,2008,137.500
Volkswagen Jetta 2.0 Trendline,$30.500.000,2008,146.894
Volkswagen Jetta 2.0 Europa,$35.000.000,2014,101.000
Volkswagen Jetta 2.0 Trendline,$29.500.000,2008,134.633
Volkswagen Jetta 2.0 Trendline,$33.500.000,2011,75.000
Volkswagen Jetta 2.5 Comfortline,$49.900.000,2014,79.000
Volkswagen Jetta 2.5 Comfortline,$40.000.000,2013,103.000
Volkswagen Jetta 1.8 Gli,$53.000.000,2014,68.498
Volkswagen Jetta 2.0 Trendline,$34.000.000,2012,140.000
Volkswagen Jetta 1.4 Tsi Comfortline,$69.000.000,2020,45.000
Volkswagen Jetta 2.0 Trendline,$28.900.000,2011,164.000
Volkswagen Jetta 2.0 Europa,$31.500.000,2013,73.264
Volkswagen Jetta 1.8 Gli,$40.000.000,2011,80.000
Volkswagen Jetta 1.8 Gli,$48.000.000,2012,112.000
Volkswagen Jetta 2.5 Highline,$56.000.000,2017,29.000
Volkswagen Jetta 1.8 Gli,$46.000.000,2012,70.000
Volkswagen Jetta 2.0 Trendline,$19.900.000,2006,175.000
Volkswagen Jetta 2.0 Wolfsburg,$32.000.000,2009,106.500
Volkswagen Jetta 2.0 Trendline,$31.900.000,2013,111.000
Volkswagen Jetta 2.0 Trendline,$29.500.000,2011,185.400
Volkswagen Jetta 2.0 Trendline 4 p 114 hp,$34.500.000,2014,89.500
Volkswagen Jetta 2.0 Trendline,$35.000.000,2012,110.000
Volkswagen Jetta 1.4 Tsi Highline,$109.000.000,2022,14.500
Volkswagen Jetta 2.0 Europa,$28.900.000,2008,149.000
Volkswagen Jetta Cl치sico ,$22.000.000,2006,153.000
Volkswagen Jetta 2.0 Europa,$41.000.000,2015,84.000
Volkswagen Jetta 2.0 Trendline,$26.600.000,2008,135.200
Volkswagen Jetta 1.4 Tsi Highline,$76.000.000,2019,47.000
Volkswagen Jetta 2.0 Europa,$35.000.000,2015,154.000
Volkswagen Jetta 2.0 Trendline,$30.000.000,2008,116.200
Volkswagen Jetta 2.0 Europa,$38.000.000,2013,70.900
Volkswagen Jetta 2.0 Europa,$24.000.000,2009,150.000
Volkswagen Jetta 1.4 Tsi Comfortline,$67.000.000,2019,46.800
Volkswagen Jetta 2.0 Europa,$32.000.000,2013,148.000
Volkswagen Jetta 1.8 Gli,$53.500.000,2014,94.000
Volkswagen Jetta 1.8 Gli,$41.000.000,2012,137.000
Volkswagen Jetta 2.0 Trendline,$33.500.000,2013,105.000
Volkswagen Jetta 2.0 Europa,$34.000.000,2014,148.000
Volkswagen Jetta 1.8 Gli,$27.000.000,2012,89.700
Volkswagen Jetta 2.0 Trendline,$32.000.000,2010,85.000
Volkswagen Jetta 2.0 Gli,$75.000.000,2014,52.000
Volkswagen Jetta 2.0 Trendline,$32.000.000,2011,170.000
Volkswagen Jetta 2.0 Trendline,$30.900.000,2013,136.000
Volkswagen Jetta 2.0 Europa,$31.000.000,2011,110.000
Volkswagen Jetta 1.8 Gli,$40.500.000,2011,102.000
Volkswagen Jetta 2.5 Trendline,$44.000.000,2014,88.000
Volkswagen Jetta 2.0 Europa,$35.500.000,2014,136.000
Volkswagen Jetta 2.0 Trendline,$27.000.000,2008,98.200
Volkswagen Jetta 2.0 Europa,$29.500.000,2009,175.000
Volkswagen Jetta 2.0 Trendline,$36.000.000,2011,54.400
Volkswagen Jetta 2.0 Trendline,$36.000.000,2012,76.000
Volkswagen Jetta 2.0 Trendline,$44.000.000,2013,113.000
Volkswagen Jetta 2.0 Comfortline,$49.325.000,2015,125.000
Volkswagen Jetta 2.0 Europa,$33.000.000,2013,94.000
Volkswagen Jetta 1.4 Tsi Sportline,$85.000.000,2019,26.200
Volkswagen Jetta 2.0 Trendline,$38.000.000,2013,85.000
Volkswagen Jetta 2.0 Trendline,$55.000.000,2017,41.800
Volkswagen Jetta 1.4 Tsi Comfortline,$65.000.000,2019,66.000
Volkswagen Jetta 2.0 Europa,$32.000.000,2015,112.000
Volkswagen Jetta 1.8 Gli,$58.000.000,2014,65.000
Volkswagen Jetta 2.5 Trendline,$46.500.000,2014,58.000
Volkswagen Jetta 2.0 Trendline,$33.000.000,2010,117.000
Volkswagen Jetta 2.0 Gli 211 hp,$85.000.000,2016,30.700
Volkswagen Jetta 1.4 Tsi Sportline,$80.000.000,2019,52.100
Volkswagen Jetta Jetta,$27.500.000,2009,190.000
Volkswagen Jetta 2.0 Trendline,$30.000.000,2009,142.985
Volkswagen Jetta 1.8 Comfortline,$30.000.000,2010,166.000
Volkswagen Jetta 1.8 Gli,$35.000.000,2012,117.000
Volkswagen Jetta 2.0 Europa,$40.000.000,2015,83.000
Volkswagen Jetta 2.0 Gli,$62.000.000,2014,55.000
Volkswagen Jetta 2.0 Europa,$32.500.000,2014,110.000
Volkswagen Jetta 2.0 Europa,$28.000.000,2009,168.000
Volkswagen Jetta 2.0 Trendline,$34.000.000,2011,148.888
Volkswagen Jetta 2.0 Trendline,$29.500.000,2008,115.000
Volkswagen Jetta 2.0 Trendline,$27.000.000,2009,111.000
Volkswagen Jetta 2.0 Trendline,$32.000.000,2010,149.870
Volkswagen Jetta 2.0 Trendline,$22.500.000,2006,167.300
Volkswagen Jetta 1.8 Gli,$51.600.000,2014,113.000
Volkswagen Jetta 2.0 Europa,$41.000.000,2014,62.000
Wolksvaguen 2012 Jetta Gli,$50.000.000,2012,86.000
Volkswagen Jetta 2.8 Vr6,$25.000.000,1995,160.000
Volkswagen Jetta 1.4 Tsi Sportline,$85.000.000,2020,48.000
Volkswagen Jetta 2.0 Comfortline,$56.000.000,2017,85.000
Volkswagen Jetta 1.4 Tsi Comfortline,$68.000.000,2019,24.000
Volkswagen Jetta 2.0 Europa,$27.500.000,2011,130.000
Volkswagen Jetta 2.0 Trendline,$27.000.000,2010,103.200
Volkswagen Jetta 2.5 Comfortline,$37.900.000,2014,102.000
Volkswagen Jetta 2.0 Europa,$38.500.000,2013,71.200
Volkswagen Jetta 2.5 Comfortline,$48.000.000,2014,94.000
Volkswagen Jetta 1.8 Gli,$48.000.000,2014,77.000
Volkswagen Jetta 2.0 Trendline,$32.000.000,2013,90.000
Volkswagen Jetta 2.5 Comfortline,$50.000.000,2016,55.000
Volkswagen Jetta 2.0 Europa,$42.800.000,2015,58.525
Volkswagen Jetta 2.0 Trendline,$30.000.000,2008,131.000
Volkswagen Jetta 2.0 Trendline,$17.000.000,2006,150.000
Volkswagen Jetta 2.0 Europa,$35.000.000,2014,110.500
Volkswagen Jetta 2.0 Europa,$23.500.000,2009,190.000
Volkswagen Jetta 2.0 Europa,$31.000.000,2011,130.000
Volkswagen Jetta 2.0 Comfortline,$42.500.000,2015,77.000
Volkswagen Jetta 2.0 Europa,$26.000.000,2009,141.000
Volkswagen Jetta 2.5 Comfortline,$39.000.000,2013,111.000
Volkswagen Jetta 2.0 Trendline,$25.500.000,2007,148.000
Volkswagen Jetta Cl치sico,$24.500.000,2008,130.000
Volkswagen Jetta 2.0 Europa,$36.000.000,2012,120.000
Volkswagen Jetta Trend Line,$27.300.000,2009,1.150.000
Volkswagen Jetta Gli At 1800 Turbo ,$31.700.000,2010,100.000
Volkswagen Jetta 2.0 Trendline Mecanico,$13.990.000,2005,120.000
